{
  "kind": "collectionType",
  "collectionName": "courses",
  "info": {
    "singularName": "course",
    "pluralName": "courses",
    "displayName": "course",
    "description": ""
  },
  "options": {
    "draftAndPublish": true
  },
  "pluginOptions": {},
  "attributes": {
    "title": {
      "type": "string",
      "required": true,
      "unique": true
    },
    "description": {
      "type": "blocks"
    },
    "slug": {
      "type": "uid",
      "targetField": "title",
      "required": true
    },
    "images": {
      "type": "media",
      "multiple": true,
      "required": false,
      "allowedTypes": [
        "images",
        "videos"
      ]
    },
    "tags": {
      "type": "relation",
      "relation": "oneToMany",
      "target": "api::tag.tag"
    }
  }
}
