{
  "kind": "singleType",
  "collectionName": "course_pages",
  "info": {
    "singularName": "course-page",
    "pluralName": "course-pages",
    "displayName": "Course Page"
  },
  "options": {
    "draftAndPublish": true
  },
  "pluginOptions": {},
  "attributes": {
    "name": {
      "type": "string",
      "default": "our courses",
      "required": true
    },
    "slug": {
      "type": "uid",
      "targetField": "name",
      "required": true
    },
    "pageinfo": {
      "type": "component",
      "repeatable": false,
      "component": "layout.page-info"
    },
    "excludedCourses": {
      "type": "relation",
      "relation": "oneToMany",
      "target": "api::course.course"
    }
  }
}
