{
  "kind": "singleType",
  "collectionName": "headers",
  "info": {
    "singularName": "header",
    "pluralName": "headers",
    "displayName": "Header"
  },
  "options": {
    "draftAndPublish": false
  },
  "pluginOptions": {},
  "attributes": {
    "show": {
      "type": "boolean",
      "default": true,
      "required": true
    },
    "menu": {
      "type": "relation",
      "relation": "oneToOne",
      "target": "api::menu.menu"
    },
    "socialLinks": {
      "type": "component",
      "repeatable": true,
      "component": "config.social-link"
    },
    "showProfile": {
      "type": "boolean",
      "default": true,
      "required": true
    }
  }
}
