{
  "kind": "collectionType",
  "collectionName": "posts",
  "info": {
    "singularName": "post",
    "pluralName": "posts",
    "displayName": "post",
    "description": ""
  },
  "options": {
    "draftAndPublish": true
  },
  "pluginOptions": {},
  "attributes": {
    "title": {
      "type": "string",
      "required": true,
      "unique": true,
      "minLength": 4,
      "maxLength": 150
    },
    "content": {
      "type": "blocks",
      "required": true
    },
    "slug": {
      "type": "uid",
      "targetField": "title",
      "required": true
    },
    "cover": {
      "type": "media",
      "multiple": true,
      "required": false,
      "allowedTypes": [
        "images"
      ]
    },
    "tags": {
      "type": "relation",
      "relation": "oneToMany",
      "target": "api::tag.tag"
    },
    "seo": {
      "displayName": "seoinformation",
      "type": "component",
      "repeatable": false,
      "component": "seo.seoinformation"
    },
    "premium": {
      "type": "boolean",
      "default": false,
      "required": true
    },
    "likedBy": {
      "type": "relation",
      "relation": "manyToMany",
      "target": "plugin::users-permissions.user",
      "inversedBy": "likes"
    },
    "authors": {
      "type": "relation",
      "relation": "oneToMany",
      "target": "api::author.author"
    }
  }
}
