{
  "kind": "collectionType",
  "collectionName": "menus",
  "info": {
    "singularName": "menu",
    "pluralName": "menus",
    "displayName": "Menu",
    "description": ""
  },
  "options": {
    "draftAndPublish": false
  },
  "pluginOptions": {},
  "attributes": {
    "menuItems": {
      "type": "component",
      "repeatable": true,
      "component": "layout.link"
    },
    "mainMenu": {
      "type": "string",
      "unique": true,
      "required": true
    },
    "slug": {
      "type": "uid",
      "targetField": "mainMenu"
    }
  }
}
