{
  "kind": "collectionType",
  "collectionName": "authors",
  "info": {
    "singularName": "author",
    "pluralName": "authors",
    "displayName": "Author",
    "description": ""
  },
  "options": {
    "draftAndPublish": false
  },
  "pluginOptions": {},
  "attributes": {
    "title": {
      "type": "string",
      "required": true
    },
    "heroImageUrl": {
      "type": "media",
      "multiple": false,
      "required": false,
      "allowedTypes": ["images"]
    },
    "authorName": {
      "type": "string",
      "required": true
    },
    "subTitle": {
      "type": "string"
    },
    "articleType": {
      "type": "enumeration",
      "enum": ["text", "audio", "video"]
    },
    "category": {
      "type": "relation",
      "relation": "manyToOne",
      "target": "api::category.category"
    },
    "tags": {
      "type": "relation",
      "relation": "manyToMany",
      "target": "api::tag.tag"
    },
    "admin_user": {
      "type": "relation",
      "relation": "oneToOne",
      "target": "admin::user"
    }
  }
}
