{
  "kind": "singleType",
  "collectionName": "home_pages",
  "info": {
    "singularName": "home-page",
    "pluralName": "home-pages",
    "displayName": "Home Page",
    "description": ""
  },
  "options": {
    "draftAndPublish": true
  },
  "pluginOptions": {},
  "attributes": {
    "title": {
      "type": "string",
      "default": "Home",
      "required": true,
      "unique": true
    },
    "hero": {
      "displayName": "hero section",
      "type": "component",
      "repeatable": false,
      "component": "layout.hero-section"
    },
    "servicespreview": {
      "displayName": "services preview",
      "type": "component",
      "repeatable": false,
      "component": "layout.services-preview"
    },
    "featuredcourse": {
      "displayName": "featured course",
      "type": "component",
      "repeatable": false,
      "component": "layout.featured-course"
    },
    "postselection": {
      "displayName": "postSelection",
      "type": "component",
      "repeatable": false,
      "component": "blog.post-selection"
    },
    "dynamicHomeSection": {
      "type": "dynamiczone",
      "components": [
        "layout.news-letter",
        "layout.mission"
      ]
    },
    "seo": {
      "type": "component",
      "repeatable": false,
      "component": "seo.seoinformation"
    }
  }
}
