{
  "kind": "singleType",
  "collectionName": "seo_configs",
  "info": {
    "singularName": "seo-config",
    "pluralName": "seo-configs",
    "displayName": "seoConfig"
  },
  "options": {
    "draftAndPublish": false
  },
  "pluginOptions": {},
  "attributes": {
    "defaultseo": {
      "type": "component",
      "repeatable": false,
      "component": "seo.seoinformation"
    },
    "seoimage": {
      "allowedTypes": [
        "images"
      ],
      "type": "media",
      "multiple": false
    }
  }
}
