{
  "kind": "singleType",
  "collectionName": "articles_pages",
  "info": {
    "singularName": "article-page",
    "pluralName": "article-pages",
    "displayName": "Article Page"
  },
  "options": {
    "draftAndPublish": true
  },
  "pluginOptions": {},
  "attributes": {
    "title": {
      "type": "string",
      "required": true
    },
    "subTitle": {
      "type": "string"
    },
    "articleImage": {
      "type": "media",
      "multiple": false,
      "required": true,
      "allowedTypes": ["images"]
    },
    "articleType": {
      "type": "enumeration",
      "enum": ["text", "audio", "video"],
      "required": true
    },
    "description": {
      "type": "richtext"
    },
    "mediaUrl": {
      "type": "string"
    },
    "category": {
      "type": "relation",
      "relation": "manyToOne",
      "target": "api::category.category"
    },
    "tags": {
      "type": "relation",
      "relation": "manyToMany",
      "target": "api::tag.tag"
    },
    "author": {
      "type": "relation",
      "relation": "manyToOne",
      "target": "api::author.author"
    },
    "publishDate": {
      "type": "date"
    }
  }
}
