{
  "collectionName": "components_layout_hero_sections",
  "info": {
    "displayName": "hero section",
    "icon": "archive"
  },
  "options": {},
  "attributes": {
    "callToAction": {
      "type": "string",
      "required": true
    },
    "image": {
      "allowedTypes": [
        "images"
      ],
      "type": "media",
      "multiple": true
    },
    "buttons": {
      "displayName": "link",
      "type": "component",
      "repeatable": true,
      "component": "layout.link"
    }
  }
}
