{
  "kind": "collectionType",
  "collectionName": "static_pages",
  "info": {
    "singularName": "static-page",
    "pluralName": "static-pages",
    "displayName": "Static Page"
  },
  "options": {
    "draftAndPublish": true
  },
  "pluginOptions": {},
  "attributes": {
    "title": {
      "type": "string",
      "required": true,
      "unique": true
    },
    "slug": {
      "type": "uid",
      "targetField": "title",
      "required": true
    },
    "pageInfo": {
      "type": "component",
      "repeatable": false,
      "component": "layout.page-info"
    }
  }
}
